call_type,companyName,fintrend,id,price,quality,technicals,valuation,value
,Belapur Industries Ltd,Does not qualify,640113,,Does not qualify,Mildly Bearish,Does not qualify,
,Bhaskar Agrochemicals Ltd.,Positive,412453,69.85,Does not qualify,Bullish,Does not qualify,
holdbg_arrow,Borosil Ltd,Very Positive,1003404,343.20,Average,Mildly Bullish,Very Expensive,62
,Blossom Industries Ltd,Does not qualify,383480,,Does not qualify,Does not qualify,Does not qualify,
,Boston Bio Systems Ltd,Flat,417872,,Does not qualify,Mildly Bearish,Does not qualify,
,Beryl Drugs Ltd,Flat,302214,10.70,Does not qualify,Mildly Bullish,Does not qualify,
holdbg_arrow,Barbeque-Nation Hospitality Ltd,Outstanding,1003485,"1,300.00",Below Average,Mildly Bullish,Risky,50
,Baroda Rayon Corporation Ltd,Flat,285199,,Does not qualify,Does not qualify,Does not qualify,
,BS Ltd,Flat,554483,,Below Average,Does not qualify,Does not qualify,
,Bhaagyalakshmi Vegetable Products,Does not qualify,1001945,,Does not qualify,Does not qualify,,
,Mrinal Dye and Manufacturing Company,Does not qualify,1001521,.00,Does not qualify,Does not qualify,,
,Multi Arc India Ltd,Does not qualify,818934,,Does not qualify,Mildly Bearish,Does not qualify,
,Manjushree Technopack Ltd,Does not qualify,668983,,Does not qualify,Mildly Bullish,Does not qualify,
holdbg_arrow,Borosil Renewables Ltd,Very Positive,370662,595.05,Average,Mildly Bullish,Very Expensive,62
,Minal Industries Ltd,Negative,666098,,Does not qualify,Does not qualify,Does not qualify,
buybg_arrow,Bank Of Baroda,Very Positive,824055,107.05,Average,Bullish,Attractive,77
,BPL Ltd,Positive,422311,62.70,Does not qualify,Mildly Bearish,Very Expensive,
,Megh Mayur Infra Ltd,Flat,687963,0.12,Does not qualify,Does not qualify,Does not qualify,
,Moira Wires Ltd.,Does not qualify,672985,,Does not qualify,Does not qualify,,
sellbg_arrow,Mukand Ltd,Outstanding,921067,131.50,Below Average,Sideways,Risky,40
strongsellbg_arrow,Media Matrix Worldwide Ltd,Negative,665560,13.11,Below Average,Mildly Bullish,Risky,24
strongsellbg_arrow,MRF Ltd.,Very Negative,569141,"68,124.15",Average,Bearish,Attractive,26
,Maheswari Mills,Does not qualify,1002117,,Does not qualify,Does not qualify,,
holdbg_arrow,Mallcom (India) Ltd,Flat,470724,700.00,Good,Mildly Bullish,Attractive,65
,Mamta Steels,Does not qualify,1002567,,Does not qualify,Does not qualify,,
,Mehai Technology Ltd,Positive,1002853,44.00,Does not qualify,Mildly Bearish,Does not qualify,
sellbg_arrow,Mafatlal Industries Ltd,Positive,706659,173.00,Below Average,Mildly Bullish,Risky,39
,Maharashtra Polybutenes Ltd,Positive,500037,,Does not qualify,Does not qualify,Does not qualify,
,Mintage Electro Equipments Ltd,Does not qualify,160617,,Does not qualify,Does not qualify,Does not qualify,
,Madras Petrochem Ltd.,Does not qualify,856427,,Does not qualify,Does not qualify,,
,MBI Intercorp Ltd,Positive,654551,,Does not qualify,Mildly Bearish,Does not qualify,
,Midas Infra Trade Ltd,Negative,852600,,Does not qualify,Mildly Bullish,Does not qualify,
,Mesco Pharmaceuticals Ltd,Does not qualify,419720,,Does not qualify,Does not qualify,Does not qualify,
strongsellbg_arrow,Mount Shivalik Industries Ltd,Negative,281706,,Below Average,Mildly Bullish,Does not qualify,28
,Mansinghka Oil Products Ltd.,Does not qualify,826256,,Does not qualify,Does not qualify,,
,Mega Nirman & Industries Ltd,Flat,1000429,14.58,Does not qualify,Mildly Bullish,Does not qualify,
,Moolchand Export,Does not qualify,139462,,Does not qualify,Does not qualify,,
,Marmagoa Steel Ltd,Does not qualify,401590,,Does not qualify,Mildly Bullish,Does not qualify,
,Multipurpose Trading & Agencies Ltd,Flat,735574,8.98,Does not qualify,Mildly Bearish,Does not qualify,
,Mandhana Retail Ventures Ltd,Flat,1002697,16.30,Does not qualify,Mildly Bullish,Does not qualify,
,Mrinal Dyeing & Mfg Co,Does not qualify,1001527,,Does not qualify,Does not qualify,,
,M Ravji Oil Industries,Does not qualify,1002540,,Does not qualify,Does not qualify,,
,M P Telelinks Ltd,Does not qualify,816904,,Does not qualify,Does not qualify,Does not qualify,
,Malvica Engineering Ltd,Does not qualify,644312,,Does not qualify,Does not qualify,Does not qualify,
,Maruti Syntex (India),Does not qualify,1002559,,Does not qualify,Does not qualify,,
,Milton Industries Ltd,Does not qualify,1002865,0,Below Average,Mildly Bullish,Does not qualify,
,MT Educare Ltd,Very Negative,239041,8.99,Does not qualify,Mildly Bullish,Does not qualify,
,Mediaone Global Entertainment Ltd,Negative,557133,,Does not qualify,Does not qualify,Does not qualify,
,Magellanic Cloud Ltd,Very Positive,808289,396.00,Does not qualify,Bullish,Does not qualify,
,Motor & General Finance Ltd,Flat,346149,26.50,Does not qualify,Mildly Bullish,Very Expensive,
,Mac Charles (India) Ltd,Very Positive,973368,779.95,Does not qualify,Mildly Bullish,Risky,
,Mideast (India) Ltd,Positive,898477,,Does not qualify,Does not qualify,Does not qualify,
,Mohindra Fasteners Ltd,Does not qualify,277077,,Does not qualify,Does not qualify,Does not qualify,
,Monotype India Ltd,Does not qualify,534059,,Below Average,Mildly Bullish,Does not qualify,
,Mayank Hotels Ltd,Does not qualify,706445,,Does not qualify,Does not qualify,Does not qualify,
,mk Aromatics Ltd,Does not qualify,262516,,Does not qualify,Does not qualify,Does not qualify,
strongsellbg_arrow,Mangalya Soft-Tech Ltd,Flat,458267,,Below Average,Does not qualify,Does not qualify,20
,Mukunda Industrial Finance Ltd,Does not qualify,637499,,Does not qualify,Mildly Bearish,Does not qualify,
,Margo Finance Ltd,Flat,810782,29.05,Does not qualify,Mildly Bullish,Does not qualify,
holdbg_arrow,Magnum Ventures Ltd,Very Positive,732568,13.18,Below Average,Mildly Bullish,Does not qualify,52
,Madalsa Agrotech,Does not qualify,1001493,,Does not qualify,Does not qualify,,
holdbg_arrow,Metro Brands Ltd,Flat,1003582,569.05,Good,Mildly Bullish,Very Expensive,58
,Mehta Housing Finance Ltd,Flat,262475,31.30,Does not qualify,Bullish,Does not qualify,
,Mercantile Ventures Ltd,Flat,535889,18.05,Does not qualify,Mildly Bullish,Very Expensive,
,Mangal Credit & Fincorp Ltd,Positive,234922,99.00,Does not qualify,Mildly Bullish,Very Expensive,
,Mapro Industries Ltd,Flat,607337,,Does not qualify,Mildly Bullish,Does not qualify,
,Mishka Exim Ltd.,Flat,741502,27.30,Does not qualify,Bearish,Does not qualify,
,Mukesh Steels Ltd,Flat,719439,,Does not qualify,Does not qualify,Does not qualify,
,My Money Securities Ltd,Flat,821496,23.60,Does not qualify,Does not qualify,Does not qualify,
,Max India Ltd,Does not qualify,1003415,58.90,Does not qualify,Does not qualify,Risky,
,Mertinez Entex Industries Ltd.,Does not qualify,888798,,Does not qualify,Does not qualify,,
,Mount Everest Trading & Investment Ltd(merged),Does not qualify,893444,,Does not qualify,Mildly Bullish,Does not qualify,
sellbg_arrow,Meghmani Organics Ltd(Merged),Flat,305935,,Average,Does not qualify,Risky,36
,Madhav Infra Projects Ltd,Very Positive,1000393,4.98,Does not qualify,Sideways,Does not qualify,
,Mewar Hi-Tech Engineering Ltd.,Does not qualify,1002681,29.00,Below Average,Does not qualify,Does not qualify,
,Motorol India Ltd.,Does not qualify,668833,,Does not qualify,Does not qualify,,
,Madhumilan Syntex,Does not qualify,1002150,,Does not qualify,Does not qualify,,
holdbg_arrow,Maan Aluminium Ltd,Positive,729029,139.15,Average,Mildly Bullish,Fair,61
buybg_arrow,Menon Bearings Ltd,Positive,411563,83.50,Good,Mildly Bullish,Attractive,71
,Mahendra Cements Ltd.,Does not qualify,525373,,Does not qualify,Does not qualify,,
,MIG Media Neurons Ltd,Does not qualify,205422,0,Does not qualify,Does not qualify,Does not qualify,
,Munoth Capital Markets Ltd,Flat,791104,65.10,Does not qualify,Sideways,Does not qualify,
,Mangalam Industrial Finance Ltd,Flat,424719,6.32,Does not qualify,Mildly Bullish,Does not qualify,
holdbg_arrow,Modison Metals Ltd,Negative,386664,73.45,Average,Mildly Bullish,Very Attractive,52
,MFL Stock Broking,Does not qualify,1001524,,Does not qualify,Does not qualify,,
,Meera Industries Ltd,Does not qualify,1002763,96.25,Does not qualify,Mildly Bullish,Very Expensive,
,Mansarovar Paper & Industries  Ltd.,Does not qualify,959735,,Does not qualify,Does not qualify,,
,Murugappa Holdings Ltd,Does not qualify,810641,,Does not qualify,Does not qualify,Does not qualify,
sellbg_arrow,Maral Overseas Ltd,Positive,455390,90.00,Below Average,Mildly Bullish,Expensive,44
,Maa Leafin & Capital Ltd.,Does not qualify,217376,,Does not qualify,Does not qualify,,
,Mayura Alloys Industries,Does not qualify,1001497,,Does not qualify,Does not qualify,,
,Movilex Irrigation Ltd,Does not qualify,111661,,Does not qualify,Does not qualify,Does not qualify,
,Megastar Foods Ltd,Does not qualify,1002993,118.60,Below Average,Bullish,Risky,
,Mohit Paper Mills Ltd,Positive,449049,12.81,Does not qualify,Mildly Bullish,Does not qualify,
sellbg_arrow,Mukta Arts Ltd.,Flat,592409,43.30,Below Average,Mildly Bullish,Does not qualify,38
,Mangalam Ventures Ltd,Does not qualify,861053,,Does not qualify,Mildly Bullish,Does not qualify,
,Mahickra Chemicals Ltd,Does not qualify,1002977,0,Below Average,Mildly Bearish,Does not qualify,
,Mohatta & Heckel Ltd.,Does not qualify,399440,,Does not qualify,Does not qualify,,
,Modulex Construction Technologies Ltd,Flat,150475,15.60,Does not qualify,Mildly Bullish,Does not qualify,
sellbg_arrow,Master Trust Ltd,Positive,481106,143.00,Below Average,Mildly Bullish,Fair,47
,Max Ventures and Industries Ltd,Flat,1002626,104.05,Does not qualify,Mildly Bullish,Does not qualify,
,Mount Housing & Infrastructure Ltd,Flat,1003304,36.85,Does not qualify,Does not qualify,Does not qualify,
,Martin Burn Ltd.,Positive,669041,52.00,Does not qualify,Mildly Bullish,Does not qualify,
strongsellbg_arrow,Munjal Showa Ltd.,Negative,766429,108.75,Average,Bearish,Risky,17
,Maha Rashtra Apex Corporation Ltd,Flat,528922,94.10,Does not qualify,Mildly Bullish,Very Expensive,
buybg_arrow,Mindtree Ltd.,Very Positive,920157,"3,988.40",Excellent,Mildly Bullish,Expensive,78
,Mahadev Corporation,Does not qualify,1001506,,Does not qualify,Does not qualify,,
,MS Securities Ltd.,Does not qualify,813461,,Does not qualify,Does not qualify,,
,Megri Soft Ltd,Flat,599026,160.15,Does not qualify,Mildly Bullish,Does not qualify,
sellbg_arrow,Manaksia Coated Metals & Industries Ltd,Negative,333553,31.50,Below Average,Mildly Bullish,Fair,33
,Malanpur Steel Ltd,Does not qualify,992107,,Does not qualify,Does not qualify,Does not qualify,
,Marg Techno-Projects Ltd,Positive,1002704,9.84,Does not qualify,Sideways,Does not qualify,
,Micro Energy (India) Ltd.,Does not qualify,282879,,Does not qualify,Does not qualify,,
sellbg_arrow,Mahanagar Telephone Nigam Ltd,Flat,107657,24.05,Below Average,Mildly Bullish,Risky,33
holdbg_arrow,Mawana Sugars Ltd,Positive,104793,153.35,Average,Bullish,Very Expensive,64
,Modern Threads (I) Ltd,Does not qualify,495961,,Does not qualify,Does not qualify,Does not qualify,
,Modern Syntex (India) Ltd.,Does not qualify,230050,,Does not qualify,Does not qualify,,
,Mount Everest Mineral Water Ltd,Does not qualify,677176,,Does not qualify,Mildly Bearish,Does not qualify,
,MBM Ltd,Does not qualify,331491,,Does not qualify,Does not qualify,Does not qualify,
,Medico Intercontinental Ltd,Flat,1000280,53.65,Does not qualify,Bullish,Does not qualify,
holdbg_arrow,Mauria Udyog Ltd,Positive,892465,4.45,Below Average,Bullish,Does not qualify,53
,Maruti Infrastructure Ltd,Negative,332486,55.95,Does not qualify,Mildly Bullish,Does not qualify,
,Model Financial Corporation Ltd,Does not qualify,438663,,Does not qualify,Does not qualify,Does not qualify,
,Motorol Enterprises Ltd,Does not qualify,1001681,,Does not qualify,Does not qualify,Does not qualify,
,Mohite Industries Ltd,Positive,348265,20.25,Does not qualify,Mildly Bullish,Does not qualify,
,Morgan Industries Ltd,Does not qualify,675089,,Does not qualify,Mildly Bullish,Does not qualify,
sellbg_arrow,Mahalaxmi Seamless Ltd,Flat,789457,10.00,Below Average,Mildly Bullish,Does not qualify,38
strongsellbg_arrow,Mahindra Logistics Ltd,Negative,1002873,446.30,Average,Bearish,Very Expensive,21
,Mudunuru Ltd,Flat,202819,5.75,Does not qualify,Mildly Bullish,Does not qualify,
,Moksh Ornaments Ltd,Flat,1002899,0,Does not qualify,Mildly Bearish,Does not qualify,
holdbg_arrow,Mindteck (India) Ltd,Positive,404298,124.70,Average,Mildly Bullish,Attractive,64
,Mahendra Petrochemicals Ltd,Does not qualify,727624,,Does not qualify,Does not qualify,Does not qualify,
,Mardia Copper Products,Does not qualify,1001516,,Does not qualify,Does not qualify,,
,Markolines Traffic Controls Ltd,Does not qualify,1003536,73.60,Below Average,Mildly Bullish,Very Expensive,
,Medi Caps Ltd,Negative,723558,51.50,Does not qualify,Mildly Bullish,Does not qualify,
holdbg_arrow,Modern Steels Ltd,Positive,100936,17.60,Below Average,Bullish,Does not qualify,53
holdbg_arrow,Mold-Tek Technologies Ltd,Flat,490789,85.10,Average,Bullish,Fair,62
,Mudit Finlease Ltd,Flat,930544,,Below Average,Does not qualify,Does not qualify,
,Minhas Steels,Does not qualify,1002568,,Does not qualify,Does not qualify,,
,Magnetix (India),Does not qualify,1001873,,Does not qualify,Does not qualify,,
,Mackinnon Mackenzie & Company Ltd.,Does not qualify,196105,,Does not qualify,Does not qualify,,
,Mathew Easow Research Securities Ltd,Flat,458696,6.46,Does not qualify,Does not qualify,Does not qualify,
,MEK Slotted Angles (India),Does not qualify,1001531,,Does not qualify,Does not qualify,,
,Mercury Fund Management Company Ltd,Does not qualify,1003299,,Does not qualify,Does not qualify,Does not qualify,
holdbg_arrow,MM Forgings Ltd.,Very Positive,822443,868.15,Average,Mildly Bullish,Fair,67
,Mahaveer Infoway Ltd,Flat,609882,,Does not qualify,Mildly Bullish,Does not qualify,
,Mazda Fabric Processors,Does not qualify,1001277,,Does not qualify,Does not qualify,,
,Madhu Refoils & Chemicals,Does not qualify,1002537,,Does not qualify,Does not qualify,,
sellbg_arrow,Macrotech Developers Ltd,Very Positive,1003490,"1,108.10",Below Average,Sideways,Very Expensive,38
,Mukesh Babu Financial Services Ltd,Negative,789802,107.50,Does not qualify,Bearish,Does not qualify,
,Maruti Cottex Ltd,Does not qualify,1001509,,Does not qualify,Does not qualify,Does not qualify,
,Makers Laboratories Ltd,Positive,878419,187.90,Does not qualify,Bearish,Does not qualify,
,Metlex Ceramics,Does not qualify,1001514,,Does not qualify,Does not qualify,,
,Mayur Floorings Ltd,Flat,844006,,Does not qualify,Mildly Bullish,Does not qualify,
,Muzali Arts Ltd,Negative,999990,3.13,Does not qualify,Bearish,Does not qualify,
holdbg_arrow,Marathon Nextgen Realty Ltd,Flat,420605,102.65,Average,Mildly Bullish,Fair,55
,MYM Technologies Ltd,Does not qualify,805966,,Does not qualify,Mildly Bearish,Does not qualify,
,Mafatlal Fine Spinning and Manufacturing,Does not qualify,1001278,.00,Does not qualify,Does not qualify,,
sellbg_arrow,Modella Woollens Ltd,Flat,969575,126.00,Below Average,Mildly Bullish,Does not qualify,38
,Mega Corporation Ltd,Positive,277772,3.11,Does not qualify,Mildly Bullish,Does not qualify,
holdbg_arrow,Maheshwari Logistics Ltd,Very Positive,1002703,0,Good,Bearish,Very Attractive,58
,Mother Mira Industries  Ltd.,Does not qualify,779969,,Does not qualify,Does not qualify,,
,Merino Industries Ltd,Does not qualify,1002095,,Does not qualify,Does not qualify,Does not qualify,
,Madura Coats Pvt Ltd,Does not qualify,449681,,Does not qualify,Does not qualify,Does not qualify,
,Mysore Paper Mills Ltd,Flat,386262,,Does not qualify,Does not qualify,Does not qualify,
sellbg_arrow,Majestic Auto Ltd,Flat,797306,134.80,Below Average,Mildly Bullish,Fair,41
,Motorol Speciality Oils Ltd,Does not qualify,225709,,Does not qualify,Does not qualify,Does not qualify,
strongsellbg_arrow,Music Broadcast Ltd,Very Positive,1002726,24.00,Below Average,Mildly Bearish,Risky,29
,Maestros Electronics & Telecommun. Systems Ltd,Negative,132661,53.25,Does not qualify,Bearish,Does not qualify,
,Madhuban Constructions Ltd,Does not qualify,481012,0,Does not qualify,Does not qualify,Does not qualify,
,MTZ Industries Ltd,Does not qualify,690741,,Does not qualify,Does not qualify,Does not qualify,
,Micro Plantae Ltd.,Does not qualify,702185,,Does not qualify,Does not qualify,,
holdbg_arrow,Minda Industries Ltd,Positive,824163,"1,019.25",Good,Mildly Bullish,Expensive,65
sellbg_arrow,Bombay Dyeing & Manufacturing Company Ltd,Positive,964509,100.40,Below Average,Mildly Bullish,Risky,39
,MAC Hotels Ltd.,Does not qualify,1003058,23.50,Below Average,Mildly Bearish,Does not qualify,
,Matushree Textiles,Does not qualify,1002578,,Does not qualify,Does not qualify,,
buybg_arrow,Maharashtra Seamless Ltd,Very Positive,721234,578.15,Good,Bullish,Expensive,78
,Pan India Drugs & Chemicals,Does not qualify,1002028,,Does not qualify,Does not qualify,,
sellbg_arrow,MPL Plastics Ltd,Flat,556729,7.89,Below Average,Mildly Bullish,Does not qualify,38
,Powmex Steel,Does not qualify,1001624,.00,Does not qualify,Does not qualify,,
holdbg_arrow,Modi Naturals Ltd,Flat,539109,201.80,Average,Mildly Bullish,Very Attractive,61
,Pan Asia Global,Does not qualify,1001102,,Does not qualify,Does not qualify,,
,Polymac Thermoformers Ltd,Does not qualify,248628,33.50,Below Average,Mildly Bullish,Does not qualify,
sellbg_arrow,Power Finance Corporation Ltd,Flat,817865,115.35,Good,Mildly Bearish,Fair,47
,Punsumi India Ltd,Does not qualify,764355,,Does not qualify,Does not qualify,Does not qualify,
,Prakash Solvent Extractions Ltd.,Does not qualify,673419,,Does not qualify,Does not qualify,,
strongsellbg_arrow,Panyam Cements & Mineral Industries Ltd,Flat,386412,,Below Average,Does not qualify,Does not qualify,20
,Prudential Capital Market,Does not qualify,628348,,Does not qualify,Does not qualify,,
,PNB Premium Plus 91,Does not qualify,1002522,,Does not qualify,Does not qualify,,
holdbg_arrow,Punjab Alkalies & Chemicals Ltd,Positive,556640,84.35,Average,Bullish,Risky,60
,Pam Raffia,Does not qualify,1001695,,Does not qualify,Does not qualify,,
,Prism Mills,Does not qualify,1002518,,Does not qualify,Does not qualify,,
,Partap Rajasthan Special Steels Ltd.,Does not qualify,282261,,Does not qualify,Does not qualify,,
strongsellbg_arrow,Planters Polysack Ltd,Flat,516220,144.90,Below Average,Does not qualify,Does not qualify,20
,Piyush Steels Ltd.,Does not qualify,147923,,Does not qualify,Does not qualify,,
,Parker Agrochem Exports Ltd,Flat,485682,8.69,Does not qualify,Mildly Bullish,Does not qualify,
,Pee Cee Cosma Sope Ltd,Negative,978790,128.80,Does not qualify,Bearish,Does not qualify,
,Panchvati Holiday Resort,Does not qualify,1002015,,Does not qualify,Does not qualify,,
,Pyramid Saimira Theatre Ltd(Merged),Does not qualify,772371,,Does not qualify,Mildly Bearish,Does not qualify,
,Patel Integrated Logistics Ltd Partly Paidup,Does not qualify,1003574,4.43,Does not qualify,Sideways,Does not qualify,
holdbg_arrow,Bharti Airtel Ltd.,Positive,468567,715.50,Below Average,Bullish,Attractive,57
strongsellbg_arrow,Pentamedia Graphics Ltd,Flat,992557,,Below Average,Does not qualify,Does not qualify,20
,Polaris Consulting & Services Ltd,Very Positive,766127,,Below Average,Does not qualify,Does not qualify,
,Pentagon Global Solutions Ltd,Does not qualify,924478,,Does not qualify,Does not qualify,Does not qualify,
sellbg_arrow,Bodal Chemicals Ltd,Positive,478204,105.55,Average,Mildly Bearish,Attractive,48
,Premier Vinyl Flooring Ltd.,Does not qualify,631105,,Does not qualify,Does not qualify,,
,Paschim Petrochem Ltd,Does not qualify,750338,,Does not qualify,Does not qualify,Does not qualify,
,Pushpsons Industries Ltd.,Does not qualify,125525,,Does not qualify,Does not qualify,,
,Pal-Peugeot Ltd.,Does not qualify,896027,,Does not qualify,Does not qualify,,
,Matra Realty Ltd,Flat,682530,,Does not qualify,Does not qualify,Does not qualify,
strongsellbg_arrow,Panasonic Carbon India Company Ltd.,Negative,547339,420.00,Average,Bearish,Expensive,23
,Mafatlal Dyes & Chemicals Ltd,Does not qualify,529857,,Does not qualify,Does not qualify,Does not qualify,
,Pranavaditya Spinning Mills Ltd,Flat,681824,24.40,Does not qualify,Mildly Bullish,Does not qualify,
,Modi Industries Ltd,Does not qualify,221096,,Does not qualify,Does not qualify,Does not qualify,
,Mehta Rubber Chemicals Ltd.,Does not qualify,913501,,Does not qualify,Does not qualify,,
,Madras Aluminium Co Ltd(Merged),Does not qualify,638077,,Does not qualify,Mildly Bullish,Does not qualify,
sellbg_arrow,P I Industries Ltd,Flat,927973,"2,831.00",Good,Mildly Bearish,Very Expensive,42
,Meghmani Organics Ltd,Positive,1003522,97.40,Does not qualify,Mildly Bearish,Attractive,
sellbg_arrow,Milkfood Ltd.,Flat,590188,388.90,Below Average,Mildly Bullish,Attractive,44
,Meenakshi Steel Industries Ltd,Very Positive,184905,0,Does not qualify,Does not qualify,Does not qualify,
sellbg_arrow,Mahanagar Gas Ltd.,Flat,1000400,764.90,Good,Bearish,Very Expensive,37
holdbg_arrow,Manaksia Steels Ltd.,Flat,939595,44.05,Average,Bullish,Expensive,60
,MRC EXIM Ltd.,Does not qualify,1002897,63.30,Below Average,Bullish,Does not qualify,
,Modern Cement Industries  Ltd.,Does not qualify,270696,,Does not qualify,Does not qualify,,
,Mini Diamonds (India) Ltd.,Very Positive,637639,24.50,Does not qualify,Mildly Bullish,Does not qualify,
,Montari Leather Ltd.,Does not qualify,192957,,Does not qualify,Does not qualify,,
,Momai Apparels Ltd,Does not qualify,263255,,Does not qualify,Does not qualify,Risky,
,Marvel Decor Ltd,Does not qualify,1002942,0,Below Average,Mildly Bullish,Does not qualify,
sellbg_arrow,Marine Electricals (India) Ltd,Positive,1003069,0,Average,Bearish,Expensive,37
,Maheshwari Proteins,Does not qualify,1002530,,Does not qualify,Does not qualify,,
,Maple Circuits Ltd.,Does not qualify,887988,,Does not qualify,Does not qualify,,
buybg_arrow,Manali Petrochemicals Ltd,Very Positive,713887,108.95,Average,Mildly Bullish,Attractive,70
,Microse India Ltd,Flat,887109,0,Does not qualify,Does not qualify,Does not qualify,
strongsellbg_arrow,Modern Dairies Ltd,Negative,670292,8.20,Below Average,Bearish,Does not qualify,4
,Madhur Capital & Finance Ltd,Flat,113356,,Does not qualify,Does not qualify,Does not qualify,
sellbg_arrow,MSP Steel & Power Ltd,Flat,254772,11.89,Below Average,Mildly Bullish,Attractive,44
,Max Alert Systems Ltd,Does not qualify,705242,4.58,Does not qualify,Mildly Bullish,Does not qualify,
strongbuybg_arrow,Manaksia Ltd,Very Positive,977821,76.80,Average,Bullish,Very Attractive,80
,Mafatlal Engineering Industries,Does not qualify,1001530,,Does not qualify,Does not qualify,,
,Mack Trading Co Ltd,Negative,341610,,Does not qualify,Does not qualify,Does not qualify,
holdbg_arrow,Meghmani Finechem Ltd,Very Positive,1003523,930.80,Average,Mildly Bullish,Very Expensive,62
holdbg_arrow,Minda Corporation Ltd,Positive,989109,199.80,Average,Bullish,Fair,68
,Maegaware Computers,Does not qualify,1001513,,Does not qualify,Does not qualify,,
,Mardia Samyoung Capillary Tubes Company Ltd,Flat,828832,,Does not qualify,Does not qualify,Does not qualify,
sellbg_arrow,Mahamaya Steel Industries Ltd,Very Positive,558565,72.05,Average,Bearish,Fair,46
strongsellbg_arrow,Multi Commodity Exchange of India Ltd,Negative,765677,"1,427.00",Good,Bearish,Very Expensive,28
,Mercury Metals Ltd,Flat,762330,,Does not qualify,Mildly Bullish,Does not qualify,
,Mitsugen Glazes,Does not qualify,1001280,,Does not qualify,Does not qualify,,
holdbg_arrow,Man Infraconstruction Ltd,Very Positive,857134,106.75,Average,Mildly Bullish,Very Expensive,62
sellbg_arrow,Mangalam Drugs and Organics Ltd,Negative,138636,114.85,Average,Bearish,Attractive,34
,Mastershare,Does not qualify,1002386,,Does not qualify,Does not qualify,,
,Mobile Telecommunications Ltd,Positive,290044,,Does not qualify,Does not qualify,Does not qualify,
,Munoth Communication Ltd,Flat,651889,3.86,Does not qualify,Mildly Bullish,Does not qualify,
,Mercard,Does not qualify,1001880,,Does not qualify,Does not qualify,,
,Modi Cement,Does not qualify,1001508,,Does not qualify,Does not qualify,,
,Marson's Textiles,Does not qualify,1002581,,Does not qualify,Does not qualify,,
,Madhyavart Exxoil,Does not qualify,1001522,,Does not qualify,Does not qualify,,
,Meenakshi Enterprises Ltd,Positive,402484,15.95,Does not qualify,Mildly Bullish,Does not qualify,
,Madhav Copper Ltd,Very Negative,1002711,0,Does not qualify,Mildly Bearish,Does not qualify,
,Metkore Alloys & Industries Ltd,Does not qualify,357217,0.66,Below Average,Does not qualify,Does not qualify,
,Mehta Integrated Finance Ltd,Flat,108383,7.15,Does not qualify,Mildly Bearish,Does not qualify,
,MAC Industries,Does not qualify,1001495,,Does not qualify,Does not qualify,,
,Mandu Industries,Does not qualify,1001550,,Does not qualify,Does not qualify,,
sellbg_arrow,Marksans Pharma Ltd,Negative,604869,49.40,Average,Bearish,Very Attractive,31
,Pennar Paterson,Does not qualify,1001301,,Does not qualify,Does not qualify,,
,Plama Laboratories,Does not qualify,1002398,,Does not qualify,Does not qualify,,
,Multiplus Holdings Ltd,Positive,410438,32.80,Does not qualify,Does not qualify,Does not qualify,
,Prabhav Industries Ltd,Flat,339386,,Below Average,Does not qualify,Does not qualify,
strongsellbg_arrow,Paos Industries Ltd,Flat,148576,7.30,Below Average,Mildly Bearish,Does not qualify,20
,Point Plast Ltd,Does not qualify,1002111,,Does not qualify,Does not qualify,Does not qualify,
sellbg_arrow,Pazel International Ltd,Flat,354639,,Below Average,Mildly Bullish,Does not qualify,38
,Poona Dal & Oil Industries  Ltd.,Flat,477505,58.20,Does not qualify,Bullish,Does not qualify,
,Prism Medico & Pharmacy Ltd,Flat,701766,8.87,Does not qualify,Mildly Bullish,Does not qualify,
,Pervasive Commodities Ltd,Flat,699851,9.60,Does not qualify,Does not qualify,Does not qualify,
,Pioneer Cashew Industries,Does not qualify,1001129,,Does not qualify,Does not qualify,,
,Powergrid Infrastructure Investment Trust,Does not qualify,1003494,126.06,Average,Mildly Bullish,Very Expensive,
,Parshva Enterprises Ltd,Does not qualify,1003148,110.00,Below Average,Does not qualify,Risky,
,Premium Capital Market & Investments Ltd,Flat,696988,,Does not qualify,Mildly Bearish,Does not qualify,
,Paramount Cosmetics (India) Ltd,Positive,908196,45.65,Does not qualify,Bullish,Does not qualify,
,Pettavaittalai Sugar & Chemicals,Does not qualify,1002482,,Does not qualify,Does not qualify,,
,P. B. Films Ltd,Flat,999978,,Below Average,Does not qualify,Does not qualify,
,Proline Software & Finance Ltd,Does not qualify,903108,,Does not qualify,Does not qualify,Does not qualify,
,Protchem Industries (India) Ltd,Does not qualify,248793,,Does not qualify,Does not qualify,Does not qualify,
,Pentafour Products Ltd.,Does not qualify,174293,,Does not qualify,Does not qualify,,
,Pradhin Ltd,Positive,448107,44.35,Does not qualify,Mildly Bullish,Does not qualify,
,Capco Industries Ltd,Does not qualify,999968,.00,Does not qualify,Does not qualify,Does not qualify,
,Clara Industries Ltd,Does not qualify,1003591,96.00,Does not qualify,Sideways,Does not qualify,
holdbg_arrow,Precision Camshafts Ltd,Very Positive,1000566,140.25,Average,Mildly Bullish,Very Expensive,62
,Crazy Infotech Ltd,Flat,564241,,Below Average,Does not qualify,Does not qualify,
,CT Cotton Yarn Ltd,Does not qualify,456139,,Does not qualify,Does not qualify,Does not qualify,
,Premier Aqua Farms,Does not qualify,1001101,,Does not qualify,Does not qualify,,
,Cochin Refineries Balmer Lawrie,Does not qualify,1002350,,Does not qualify,Does not qualify,,
,Cinerad Communications Ltd,Flat,189412,5.45,Does not qualify,Bullish,Does not qualify,
sellbg_arrow,Poddar Housing & Development Ltd,Negative,356486,236.05,Below Average,Bullish,Risky,31
,Photoquip India Ltd,Flat,758924,14.25,Does not qualify,Mildly Bullish,Does not qualify,
sellbg_arrow,Chalet Hotels Ltd,Positive,1003103,268.35,Below Average,Mildly Bullish,Risky,39
,Coimbatore Lakshmi Investment & Finance Company Ltd.,Does not qualify,137068,,Does not qualify,Does not qualify,,
,Coduras Exports,Does not qualify,1002137,,Does not qualify,Does not qualify,,
,Mangal Knits Ltd.,Does not qualify,671599,,Does not qualify,Does not qualify,,
holdbg_arrow,Century Textiles & Industries Ltd,Very Positive,950641,817.80,Average,Mildly Bullish,Expensive,64
,Medicorp Technologies India Ltd (Merged),Does not qualify,820983,,Does not qualify,Does not qualify,Does not qualify,
,Mondelez India Foods Pvt Ltd,Does not qualify,111375,,Does not qualify,Does not qualify,Does not qualify,
holdbg_arrow,Maximus International Ltd,Flat,1002738,102.20,Average,Mildly Bullish,Expensive,52
holdbg_arrow,Magadh Sugar & Energy Ltd,Positive,1002798,337.55,Below Average,Bullish,Expensive,51
strongsellbg_arrow,Motherson Sumi Systems Ltd,Negative,655900,134.70,Average,Bearish,Attractive,28
sellbg_arrow,Modipon Ltd,Flat,734768,49.00,Below Average,Mildly Bullish,Does not qualify,38
sellbg_arrow,Mazda Ltd.,Flat,709417,486.50,Average,Bearish,Attractive,37
,Minosha India Ltd,Flat,614064,,Does not qualify,Does not qualify,Does not qualify,
,Manor Estates & Industries Ltd,Flat,407640,4.97,Does not qualify,Does not qualify,Does not qualify,
,Micro Accessories India,Does not qualify,1001498,,Does not qualify,Does not qualify,,
,MSD Industrial Enterprises,Does not qualify,1002558,,Does not qualify,Does not qualify,,
,Mewat Zinc Ltd,Flat,456590,14.81,Does not qualify,Does not qualify,Does not qualify,
,Money Masters Leasing & Finance Ltd,Does not qualify,134825,7.24,Below Average,Does not qualify,Does not qualify,
,Mayukh Dealtrade Ltd,Flat,1000422,12.08,Does not qualify,Mildly Bearish,Does not qualify,
,Marg Projects & Infrastructure Ltd,Flat,284247,,Below Average,Does not qualify,Does not qualify,
holdbg_arrow,Motilal Oswal Financial Services Ltd,Flat,646799,867.30,Average,Mildly Bullish,Fair,55
,Modern Engineering and Projects Ltd,Flat,1002609,20.65,Does not qualify,Does not qualify,Does not qualify,
,Market Creators Ltd,Positive,787776,11.37,Does not qualify,Mildly Bullish,Does not qualify,
holdbg_arrow,Mitsu Chem Plast Ltd,Flat,1002653,263.00,Average,Mildly Bullish,Expensive,52
,Milestone Organic Ltd.,Does not qualify,262012,,Does not qualify,Does not qualify,,
strongbuybg_arrow,MMP Industries Ltd,Very Positive,1002959,0,Good,Bullish,Fair,81
,Mask Investments Ltd,Positive,1002677,0,Does not qualify,Mildly Bearish,Does not qualify,
,Moneycare Finanz Ltd.,Does not qualify,312453,,Does not qualify,Does not qualify,,
holdbg_arrow,MIRC Electronics Ltd,Very Positive,643793,21.90,Below Average,Mildly Bullish,Fair,53
,Marine Cargo Company Ltd.,Does not qualify,183484,,Does not qualify,Does not qualify,,
,Mishka Finance & Trading Ltd,Flat,248476,,Does not qualify,Mildly Bearish,Does not qualify,
,Moh Ltd,Does not qualify,422800,,Does not qualify,Does not qualify,Does not qualify,
,Magna Colours Ltd,Flat,872883,,Does not qualify,Mildly Bullish,Does not qualify,
,Mid-West India Industries,Does not qualify,1002499,,Does not qualify,Does not qualify,,
,Milestone Furniture Ltd,Does not qualify,1002990,9.25,Below Average,Does not qualify,Does not qualify,
,Mercury Phytochem,Does not qualify,1002130,,Does not qualify,Does not qualify,,
strongbuybg_arrow,Maithan Alloys Ltd.,Outstanding,132112,"1,441.60",Good,Bullish,Expensive,84
,Mrinal Texturising Industries,Does not qualify,1002576,,Does not qualify,Does not qualify,,
holdbg_arrow,MPS Ltd.,Positive,555067,649.00,Good,Mildly Bearish,Fair,52
,Maruti Organics Ltd.,Does not qualify,952139,,Does not qualify,Does not qualify,,
,Mahavira Foods Ltd.,Does not qualify,806990,,Does not qualify,Does not qualify,,
holdbg_arrow,Mayur Uniquoters Ltd,Positive,843438,377.90,Good,Bearish,Attractive,50
,Mohit Industries Ltd,Positive,914578,18.95,Does not qualify,Bullish,Does not qualify,
strongsellbg_arrow,Midwest Gold Ltd,Flat,628776,,Below Average,Does not qualify,Does not qualify,20
,Morgan Stanley,Does not qualify,516564,,Does not qualify,Does not qualify,,
,Mahesh Developers Ltd,Flat,1003144,12.37,Does not qualify,Mildly Bullish,Does not qualify,
,Mavens Biotech Ltd,Flat,941720,,Does not qualify,Does not qualify,Does not qualify,
sellbg_arrow,Muller & Phipps (India) Ltd,Flat,696569,130.65,Below Average,Mildly Bullish,Does not qualify,38
sellbg_arrow,Mahasagar Travels Ltd,Positive,750408,2.98,Below Average,Does not qualify,Does not qualify,30
,Madhusudan Securities Ltd,Flat,127261,4.53,Does not qualify,Bullish,Does not qualify,
strongsellbg_arrow,Manjeera Constructions Ltd,Positive,245907,25.55,Below Average,Bearish,Does not qualify,20
,Midland Polymers Ltd,Flat,173511,,Does not qualify,Mildly Bullish,Does not qualify,
,Malvika Steel Ltd,Does not qualify,289967,,Does not qualify,Does not qualify,Does not qualify,
,Mansoon Trading Company Ltd,Positive,904872,0,Does not qualify,Does not qualify,Does not qualify,
,Monalisa Infotech Ltd,Does not qualify,606809,,Does not qualify,Does not qualify,Does not qualify,
,Mehta Caplease,Does not qualify,918470,,Does not qualify,Does not qualify,,
strongsellbg_arrow,Modern India Ltd,Flat,939784,,Below Average,Does not qualify,Risky,16
strongsellbg_arrow,Monsanto India Ltd(Merged),Flat,726151,,Below Average,Does not qualify,Risky,16
,Maharashtra Corporation Ltd,Flat,383568,1.90,Does not qualify,Bullish,Does not qualify,
sellbg_arrow,Maruti Suzuki India Ltd,Negative,984862,"7,883.25",Average,Mildly Bullish,Very Expensive,42
,Meltron Semiconductors Ltd.,Does not qualify,138473,,Does not qualify,Does not qualify,,
,Munis Forge Ltd.,Does not qualify,126083,,Does not qualify,Does not qualify,,
,Mihika Industries Ltd,Flat,199044,18.00,Does not qualify,Does not qualify,Does not qualify,
,Plethico Pharmaceuticals Ltd,Flat,945374,,Does not qualify,Does not qualify,Does not qualify,
,Mindspace Business Parks REIT,Positive,1003410,342.75,Does not qualify,Mildly Bullish,Very Expensive,
,Merind Ltd,Does not qualify,536296,,Does not qualify,Does not qualify,Does not qualify,
,Pratibha Industries Ltd,Very Negative,155186,,Below Average,Does not qualify,Does not qualify,
,Pashupati Cables Ltd.,Does not qualify,983165,,Does not qualify,Does not qualify,,
,Prime Petro Products Ltd,Does not qualify,820007,,Does not qualify,Does not qualify,Does not qualify,
,PB Global Ltd,Flat,222334,,Does not qualify,Does not qualify,Does not qualify,
,Prashant India Ltd.,Flat,971421,8.50,Does not qualify,Bullish,Does not qualify,
strongsellbg_arrow,Petron Engineering Construction Ltd,Negative,828786,,Below Average,Does not qualify,Does not qualify,5
,Parekh Aluminex Ltd,Does not qualify,810018,,Does not qualify,Mildly Bearish,Does not qualify,
,Purvi Electronics,Does not qualify,1001115,,Does not qualify,Does not qualify,,
,Pochiraju Industries Ltd,Flat,963031,,Does not qualify,Does not qualify,Does not qualify,
,Phoenix Township Ltd,Very Positive,807798,32.80,Does not qualify,Bullish,Does not qualify,
,Praveen Properties Ltd.,Does not qualify,859090,,Does not qualify,Does not qualify,,
,Purple Entertainment Ltd,Flat,1000589,13.17,Does not qualify,Mildly Bearish,Does not qualify,
,Pincon Spirit Ltd,Positive,726203,,Below Average,Does not qualify,Does not qualify,
,Polytex India Ltd,Flat,443431,6.10,Does not qualify,Mildly Bullish,Does not qualify,
,Promax Power Ltd,Does not qualify,1003547,29.00,Below Average,Mildly Bullish,Does not qualify,
,Premier Tubes,Does not qualify,1001581,,Does not qualify,Does not qualify,,
,Pebble Investment and Finance,Does not qualify,1002029,,Does not qualify,Does not qualify,,
,Patel Holdings Ltd.,Does not qualify,144090,,Does not qualify,Does not qualify,,
,Pressure Sensitive Systems (India) Ltd,Flat,202103,,Does not qualify,Mildly Bullish,Does not qualify,
,Pharmaceutical Product of India Ltd.,Does not qualify,312207,,Does not qualify,Does not qualify,,
,Platinum Corporation Ltd,Does not qualify,996374,,Does not qualify,Mildly Bearish,Does not qualify,
,Pasupati Spinning & Weaving Mills Ltd,Positive,145564,25.00,Does not qualify,Mildly Bullish,Does not qualify,
,Prag Bosimi Synthetics Ltd,Negative,111593,3.21,Does not qualify,Mildly Bullish,Does not qualify,
holdbg_arrow,PCBL Ltd,Positive,694251,217.60,Good,Bearish,Very Attractive,53
holdbg_arrow,Panorama Studios International Ltd,Positive,999993,83.50,Average,Bullish,Risky,60
sellbg_arrow,Pithampur Poly Products Ltd,Flat,588771,10.63,Below Average,Mildly Bullish,Does not qualify,38
,Paras Magnetic Tapes,Does not qualify,1002521,,Does not qualify,Does not qualify,,
holdbg_arrow,Phoenix Mills Ltd.,Outstanding,861535,"1,013.30",Below Average,Mildly Bullish,Very Expensive,54
,Prabhu Steel Industries Ltd,Flat,703135,0,Does not qualify,Does not qualify,Does not qualify,
,Pooja Entertainment & Films Ltd,Flat,162087,170.00,Does not qualify,Mildly Bearish,Does not qualify,
,Prudential Polywebs,Does not qualify,1002092,,Does not qualify,Does not qualify,,
holdbg_arrow,Polycab India Ltd,Positive,1003131,"2,442.35",Good,Mildly Bullish,Very Expensive,64
,Pioneer Investcorp Ltd,Flat,921177,36.10,Does not qualify,Mildly Bullish,Does not qualify,
,Pro Fin Capital Services Ltd,Positive,306806,173.95,Does not qualify,Bullish,Does not qualify,
holdbg_arrow,Precot Ltd,Outstanding,579849,0,Below Average,Mildly Bullish,Very Attractive,64
,Photon Capital Advisors Ltd,Flat,616712,39.60,Does not qualify,Bullish,Does not qualify,
strongsellbg_arrow,Provogue (India) Ltd,Negative,466740,,Below Average,Does not qualify,Does not qualify,5
,Classic Diamonds (India) Ltd,Flat,396032,,Does not qualify,Does not qualify,Does not qualify,
,Chettinad Cement Corporation Ltd,Does not qualify,545412,,Does not qualify,Mildly Bearish,Does not qualify,
holdbg_arrow,CSB Bank Ltd,Very Positive,1003355,219.35,Good,Mildly Bearish,Very Attractive,64
,Chakan Vegoils Ltd.,Does not qualify,316634,,Does not qualify,Does not qualify,,
,Powerful Technologies Ltd,Does not qualify,1003041,0,Below Average,Does not qualify,Does not qualify,
,Pan India Corporation Ltd,Flat,975904,6.70,Does not qualify,Mildly Bullish,Risky,
sellbg_arrow,Capacite Infraprojects Ltd,Positive,1002821,127.60,Average,Bearish,Very Attractive,46
,CF Technologies,Does not qualify,1002277,,Does not qualify,Does not qualify,,
,Chase Bright Steel Ltd,Flat,350226,,Does not qualify,Does not qualify,Does not qualify,
holdbg_arrow,Chowgule Steamships Ltd,Very Positive,884558,13.50,Below Average,Mildly Bullish,Does not qualify,52
,CRB Capital Market,Does not qualify,1002354,,Does not qualify,Does not qualify,,
holdbg_arrow,Chennai Petroleum Corporation Ltd,Very Positive,129013,126.05,Below Average,Mildly Bullish,Attractive,56
strongsellbg_arrow,Centrum Capital Ltd,Flat,315296,26.00,Below Average,Bearish,Very Expensive,16
,Cosco (India) Ltd.,Flat,762854,231.90,Does not qualify,Bullish,Does not qualify,
,CHD Developers Ltd,Negative,303620,,Below Average,Does not qualify,Does not qualify,
,CKP Products Ltd,Does not qualify,1002760,0.00,Below Average,Does not qualify,Does not qualify,
,Cauvery Software Engineering Systems Ltd,Does not qualify,254035,,Does not qualify,Does not qualify,Does not qualify,
holdbg_arrow,Chennai Meenakshi Multispeciality Hospital Ltd,Positive,226160,24.10,Below Average,Bullish,Does not qualify,53
holdbg_arrow,Carborundum Universal Ltd,Positive,553345,791.05,Good,Mildly Bullish,Very Expensive,64
,Chordia Food Products Ltd,Flat,199945,138.00,Does not qualify,Mildly Bearish,Does not qualify,
buybg_arrow,Cosmo Films Ltd,Very Positive,350988,"1,766.75",Average,Bullish,Expensive,71
sellbg_arrow,CRISIL Ltd.,Positive,761462,"2,941.00",Good,Mildly Bearish,Very Expensive,48
,Continental Construction Ltd,Does not qualify,313754,,Does not qualify,Does not qualify,Does not qualify,
,Castron Technologies Ltd,Does not qualify,742598,,Does not qualify,Does not qualify,Does not qualify,
strongsellbg_arrow,Chemcon Speciality Chemicals Ltd,Negative,1003418,279.10,Average,Bearish,Very Expensive,21
,Carbon Everflow,Does not qualify,1002421,.00,Does not qualify,Does not qualify,,
,CMS Finvest Ltd,Does not qualify,341770,,Does not qualify,Does not qualify,Does not qualify,
,Century Tubes,Does not qualify,1002120,,Does not qualify,Does not qualify,,
,City Lifts (India) Ltd.,Does not qualify,717346,,Does not qualify,Does not qualify,,
holdbg_arrow,Cera Sanitaryware Ltd,Positive,106361,"4,759.50",Good,Mildly Bearish,Fair,52
,Coromandel Agro Products and Oils Ltd,Very Positive,916986,3.71,Does not qualify,Does not qualify,Does not qualify,
sellbg_arrow,Cochin Shipyard Ltd.,Negative,1002795,301.75,Average,Bearish,Very Attractive,31
,Chandni Textiles Engineering Industries Ltd,Very Positive,753130,43.85,Does not qualify,Sideways,Does not qualify,
,Concert Capital Ltd.,Does not qualify,296158,,Does not qualify,Does not qualify,,
,Crimson Metal Engineering Company Ltd,Flat,108236,8.50,Does not qualify,Does not qualify,Does not qualify,
,Crest Animation Studios Ltd,Does not qualify,873598,,Does not qualify,Mildly Bearish,Does not qualify,
holdbg_arrow,Camlin Fine Sciences Ltd,Positive,256060,143.90,Average,Sideways,Attractive,54
sellbg_arrow,Chembond Chemicals Ltd,Flat,884191,193.40,Average,Mildly Bearish,Very Attractive,45
,Cosmos Apparels,Does not qualify,1002365,,Does not qualify,Does not qualify,,
,Chothani Foods Ltd.,Does not qualify,1002812,16.25,Below Average,Mildly Bullish,Does not qualify,
,Consolidated Finvest & Holdings Ltd,Positive,461234,34.85,Does not qualify,Does not qualify,Does not qualify,
strongsellbg_arrow,Captain Polyplast Ltd,Negative,301332,20.00,Average,Bearish,Attractive,28
holdbg_arrow,Cosmo Ferrites Ltd,Outstanding,433010,485.40,Below Average,Bullish,Very Expensive,61
,Cat Technologies Ltd,Flat,151280,,Does not qualify,Mildly Bullish,Does not qualify,
,BOB Growth 95,Does not qualify,1002375,,Does not qualify,Does not qualify,,
,Coromandel Granite Co,Does not qualify,1002219,,Does not qualify,Does not qualify,,
,Cairn India Ltd(Merged),Flat,194047,,Does not qualify,Does not qualify,Does not qualify,
,Cavalet India,Does not qualify,1002038,,Does not qualify,Does not qualify,,
strongsellbg_arrow,Celestial Biolabs Ltd,Very Negative,604118,,Below Average,Does not qualify,Does not qualify,1
,Comet Glass,Does not qualify,1001414,,Does not qualify,Does not qualify,,
holdbg_arrow,Coforge Ltd,Positive,194167,"4,449.15",Excellent,Bearish,Expensive,51
strongsellbg_arrow,Camson Bio Technologies Ltd,Negative,617454,,Below Average,Does not qualify,Does not qualify,5
holdbg_arrow,Crest Ventures Ltd,Positive,253483,182.00,Average,Bullish,Risky,60
,Magico Exports & Consultants Ltd,Does not qualify,535815,,Does not qualify,Does not qualify,Does not qualify,
,Chemo Pharma Laboratories Ltd,Positive,674875,37.00,Does not qualify,Mildly Bullish,Does not qualify,
,Medico Remedies Ltd.,Does not qualify,1002925,84.25,Below Average,Mildly Bullish,Risky,
sellbg_arrow,Cityman Ltd,Flat,909006,8.13,Below Average,Mildly Bullish,Does not qualify,38
,Malabar Building Products Ltd(merged),Does not qualify,630987,,Does not qualify,Does not qualify,Does not qualify,
,Morarka Finance Ltd,Positive,839747,111.75,Does not qualify,Mildly Bullish,Does not qualify,
sellbg_arrow,Mahindra CIE Automotive Ltd,Flat,343371,179.00,Average,Bearish,Very Attractive,40
,Mewar Polytex Ltd,Flat,379436,,Does not qualify,Does not qualify,Does not qualify,
sellbg_arrow,MVL Ltd,Flat,300449,,Below Average,Mildly Bullish,Does not qualify,38
,Maya Agro Products Ltd.,Does not qualify,103127,,Does not qualify,Does not qualify,,
,Marico Kaya Enterprises Ltd,Flat,993941,,Does not qualify,Does not qualify,Does not qualify,
,Metrochem Industries Ltd(merged),Does not qualify,798292,,Does not qualify,Mildly Bearish,Does not qualify,
sellbg_arrow,Metroglobal Ltd.,Flat,807700,80.30,Below Average,Mildly Bullish,Very Expensive,37
strongsellbg_arrow,Maximaa Systems Ltd,Positive,753496,,Below Average,Mildly Bearish,Does not qualify,27
,Mudra Financial Services Ltd,Flat,1002608,4.04,Does not qualify,Does not qualify,Does not qualify,
,Millennium Beer Industries Ltd(merged),Does not qualify,877208,,Does not qualify,Mildly Bullish,Does not qualify,
,Mazda Properties Ltd,Does not qualify,240586,,Does not qualify,Does not qualify,Does not qualify,
,Madras Motor Finance and Guaranty,Does not qualify,1001885,.00,Does not qualify,Does not qualify,,
,Modi Tele Fibres Ltd.,Does not qualify,695809,,Does not qualify,Does not qualify,,
,Monozyme India Ltd,Does not qualify,300247,,Does not qualify,Does not qualify,Does not qualify,
,Madras Hi-Tech Circuits Ltd.,Does not qualify,126284,,Does not qualify,Does not qualify,,
,Metropoli Overseas Ltd.,Does not qualify,368777,,Does not qualify,Does not qualify,,
,Mahaveer Cotts Strings Ltd,Does not qualify,980834,.00,Does not qualify,Does not qualify,Does not qualify,
,Makan Agro Oils,Does not qualify,1001499,,Does not qualify,Does not qualify,,
,Magan Industries Ltd,Does not qualify,242837,,Does not qualify,Does not qualify,Does not qualify,
,Mylan Laboratories Ltd,Does not qualify,108471,,Does not qualify,Mildly Bullish,Does not qualify,
,Micron Chemicals,Does not qualify,1001510,,Does not qualify,Does not qualify,,
,Marnite Polycast,Does not qualify,1002128,,Does not qualify,Does not qualify,,
,Manor Floatel Ltd,Does not qualify,347622,,Does not qualify,Does not qualify,Does not qualify,
,Mindpool Technologies Ltd,Does not qualify,1003107,0,Below Average,Bullish,Does not qualify,
,Mewar Marbles,Does not qualify,1002116,,Does not qualify,Does not qualify,,
,Bajwa Agro Industries Ltd,Does not qualify,1001991,,Does not qualify,Does not qualify,Does not qualify,
,Bosch Rexroth (India) Ltd,Does not qualify,485843,,Does not qualify,Does not qualify,Does not qualify,
,Balaji Bonds,Does not qualify,1002316,,Does not qualify,Does not qualify,,
,M P Agro Industries Ltd,Flat,624414,13.23,Does not qualify,Bullish,Does not qualify,
holdbg_arrow,Mphasis Ltd.,Positive,569237,"3,106.05",Good,Mildly Bullish,Very Expensive,64
,Mansarovar Paper and Industries,Does not qualify,1002529,,Does not qualify,Does not qualify,,
,Modern Insulators Ltd,Negative,238496,49.50,Does not qualify,Mildly Bearish,Does not qualify,
,Maniyar Plast-O-Contain Ltd.,Does not qualify,247816,,Does not qualify,Does not qualify,,
holdbg_arrow,Mahindra & Mahindra Ltd,Positive,845805,783.25,Average,Sideways,Fair,51
holdbg_arrow,Muthoot Finance Ltd,Positive,751972,"1,345.00",Good,Mildly Bearish,Expensive,50
,Mahavir Impex Ltd,Flat,576587,,Does not qualify,Does not qualify,Does not qualify,
strongsellbg_arrow,McNally Bharat Engineering Company Ltd,Flat,942129,6.95,Below Average,Bearish,Risky,12
,Mandovi Pellets,Does not qualify,1002127,,Does not qualify,Does not qualify,,
,Panjwani Packaging,Does not qualify,1002109,,Does not qualify,Does not qualify,,
,Indu Nissan Oxo Chemicals Industries Ltd,Does not qualify,544991,,Does not qualify,Does not qualify,Does not qualify,
,Parekh Platinum Ltd,Does not qualify,473705,,Does not qualify,Mildly Bearish,Does not qualify,
strongsellbg_arrow,Multibase India Ltd,Negative,219715,211.25,Average,Mildly Bearish,Very Expensive,27
strongsellbg_arrow,Proaim Enterprises Ltd(Merged,Flat,903033,,Below Average,Does not qualify,Does not qualify,20
holdbg_arrow,Indian Sucrose Ltd,Positive,680584,77.25,Below Average,Bullish,Expensive,51
,India Steamship Company Ltd(merged),Does not qualify,666101,,Does not qualify,Does not qualify,Does not qualify,
,Interface Financial Services Ltd,Flat,378677,,Does not qualify,Mildly Bearish,Does not qualify,
strongsellbg_arrow,IFCI Ltd.,Negative,589145,12.35,Below Average,Mildly Bullish,Risky,24
strongsellbg_arrow,IOL Chemicals & Pharmaceuticals Ltd,Negative,250603,406.50,Average,Bearish,Fair,26
,Nyssa Corporation Ltd,Positive,637459,8.00,Does not qualify,Mildly Bullish,Does not qualify,
,Nava Bharat Enterprises Ltd,Does not qualify,343873,,Does not qualify,Does not qualify,Does not qualify,
,Nahar Sugar & Allied Inds Ltd(merged),Does not qualify,1002064,,Does not qualify,Does not qualify,Does not qualify,
,National Plastic Industries Ltd,Flat,975999,37.05,Does not qualify,Mildly Bullish,Does not qualify,
sellbg_arrow,Nath Industries Ltd,Positive,528829,86.10,Average,Mildly Bearish,Attractive,48
,Nikumbh Dairy Products,Does not qualify,1002560,,Does not qualify,Does not qualify,,
,Nova International,Does not qualify,1002047,,Does not qualify,Does not qualify,,
buybg_arrow,Nitta Gelatin India Ltd,Very Positive,781719,280.50,Average,Bullish,Expensive,71
strongsellbg_arrow,Nagarjuna Oil Refinery Ltd,Flat,750729,,Below Average,Does not qualify,Does not qualify,20
,NRS Textile Mills,Does not qualify,1002422,,Does not qualify,Does not qualify,,
strongbuybg_arrow,National Aluminium Company Ltd,Very Positive,359296,122.50,Good,Bullish,Attractive,84
,New Era Urban Amenities,Does not qualify,1002579,,Does not qualify,Does not qualify,,
buybg_arrow,Narmada Gelatines Ltd,Positive,929284,205.45,Average,Bullish,Attractive,71
,Narmada Macplast Drip Irrigation Systems Ltd,Positive,349260,15.70,Does not qualify,Sideways,Does not qualify,
,Nitin Fire Protection Industries Ltd,Does not qualify,955607,1.82,Below Average,Does not qualify,Does not qualify,
,Noesis Industries Ltd,Flat,482776,,Below Average,Does not qualify,Does not qualify,
,Noble Brothers Impex Ltd.,Does not qualify,627388,,Does not qualify,Does not qualify,,
,Nidan Laboratories & Healthcare Ltd,Flat,1003561,0,Does not qualify,Sideways,Does not qualify,
,Nitiraj Engineers Ltd,Flat,1002716,0,Does not qualify,Bullish,Does not qualify,
,Nimbus Foods Industries Ltd,Flat,183305,,Below Average,Does not qualify,Does not qualify,
holdbg_arrow,NR Agarwal Industries Ltd.,Flat,919938,271.65,Average,Mildly Bullish,Attractive,58
strongsellbg_arrow,Nuvoco Vistas Corporation Ltd,Flat,1003525,373.55,Below Average,Mildly Bearish,Expensive,23
,Nilkanth Engineering Ltd,Positive,315833,0,Does not qualify,Does not qualify,Does not qualify,
,National General Industries Ltd,Flat,588029,365.80,Does not qualify,Mildly Bullish,Risky,
,Niks Technology Ltd,Does not qualify,1003483,165.10,Below Average,Mildly Bearish,Does not qualify,
,Neo Corp International Ltd,Negative,650121,,Below Average,Does not qualify,Does not qualify,
,Nihon Nirmaan,Does not qualify,1002133,,Does not qualify,Does not qualify,,
,NEPC Textiles Ltd,Does not qualify,455308,,Does not qualify,Does not qualify,Does not qualify,
,North Star Gems,Does not qualify,1002072,,Does not qualify,Does not qualify,,
strongsellbg_arrow,NB Footwear Ltd.,Flat,798826,3.50,Below Average,Does not qualify,Does not qualify,20
,Cromakem Ltd.,Does not qualify,601120,,Does not qualify,Does not qualify,,
,C.E. Info Systems Ltd,Does not qualify,1003581,"1,561.70",Good,Mildly Bullish,Very Expensive,
sellbg_arrow,Cartrade Tech Ltd,Flat,1003524,570.00,Below Average,Mildly Bullish,Very Expensive,37
,Nakoda Group of Industries Ltd,Positive,1003004,221.00,Does not qualify,Mildly Bullish,Very Expensive,
,Narendra Properties Ltd,Flat,853767,22.80,Does not qualify,Mildly Bullish,Does not qualify,
,Creative World Telefilms Ltd,Does not qualify,346417,,Does not qualify,Does not qualify,Does not qualify,
,Cineline India Ltd,Positive,384105,103.00,Does not qualify,Mildly Bullish,Risky,
,Core Organics,Does not qualify,1002331,,Does not qualify,Does not qualify,,
,City Pulse Multiplex Ltd,Does not qualify,1003153,61.00,Below Average,Mildly Bullish,Does not qualify,
strongsellbg_arrow,Central Bank of India,Positive,721368,19.15,Below Average,Mildly Bearish,Expensive,28
,Colinz Laboratories Ltd,Flat,621096,27.20,Does not qualify,Mildly Bullish,Does not qualify,
,Cebon India,Does not qualify,1001416,,Does not qualify,Does not qualify,,
,Chetak Spintex Ltd.,Does not qualify,562532,,Does not qualify,Does not qualify,,
,Conart Engineers Ltd.,Positive,852762,36.10,Does not qualify,Mildly Bullish,Does not qualify,
,Cil Securities Ltd,Positive,873344,26.45,Does not qualify,Mildly Bullish,Does not qualify,
,Coromandel Pharmaceuticals,Does not qualify,1002346,,Does not qualify,Does not qualify,,
,CKP Leisure Ltd,Does not qualify,1002935,0,Below Average,Does not qualify,Does not qualify,
,CRC Carrier,Does not qualify,1002356,,Does not qualify,Does not qualify,,
buybg_arrow,Cholamandalam Investment & Finance Company Ltd,Positive,972395,702.35,Good,Bullish,Very Expensive,71
,Cupid Trades & Finance Ltd,Flat,851188,,Does not qualify,Mildly Bearish,Does not qualify,
,Cantriple +,Does not qualify,1001952,.00,Does not qualify,Does not qualify,,
sellbg_arrow,Cravatex Ltd,Positive,484198,349.00,Below Average,Sideways,Does not qualify,33
,Clarity Financial Services Ltd,Does not qualify,1002276,,Does not qualify,Does not qualify,Does not qualify,
,Credence Sound & Vision Ltd,Does not qualify,159407,,Does not qualify,Does not qualify,Does not qualify,
,Cutfast Abrasive Tools,Does not qualify,1002372,,Does not qualify,Does not qualify,,
,Cabot India Ltd,Does not qualify,253953,,Does not qualify,Does not qualify,Does not qualify,
,CLC Global Ltd(merged),Does not qualify,1002420,,Does not qualify,Does not qualify,Does not qualify,
,Continental Forging Ltd.,Does not qualify,704209,,Does not qualify,Does not qualify,,
,CPEC Ltd,Does not qualify,585674,,Does not qualify,Does not qualify,Does not qualify,
,Corporate Merchant Bankers Ltd,Flat,1002692,16.80,Does not qualify,Does not qualify,Does not qualify,
,Colorchips New Media Ltd,Flat,348684,31.20,Does not qualify,Mildly Bearish,Does not qualify,
,CNI Research Ltd,Positive,824667,2.63,Does not qualify,Bullish,Does not qualify,
sellbg_arrow,Chamanlal Setia Exports Ltd,Negative,801400,103.50,Average,Mildly Bearish,Attractive,34
,Cilson Organics,Does not qualify,1002333,,Does not qualify,Does not qualify,,
,Country Condos Ltd,Positive,755383,5.83,Does not qualify,Mildly Bullish,Does not qualify,
,Cyberspace Ltd,Does not qualify,299626,,Does not qualify,Does not qualify,Does not qualify,
,Canopy Securities & Finance,Does not qualify,1002484,,Does not qualify,Does not qualify,,
,CV Steels,Does not qualify,1002156,,Does not qualify,Does not qualify,,
holdbg_arrow,Chemfab Alkalis Ltd,Outstanding,1002978,214.55,Below Average,Bullish,Expensive,63
,Crester Securities,Does not qualify,1002507,,Does not qualify,Does not qualify,,
,Chicago Software Industries Ltd,Does not qualify,982620,,Does not qualify,Does not qualify,Does not qualify,
,Cimmco Ltd.,Does not qualify,347328,21.50,Below Average,Does not qualify,Does not qualify,
,C J Gelatine Products Ltd,Flat,266992,20.25,Does not qualify,Mildly Bullish,Does not qualify,
,Cox & Kings Ltd,Does not qualify,655741,1.63,Below Average,Does not qualify,Does not qualify,
,Cistro Telelink Ltd,Flat,102602,,Does not qualify,Mildly Bullish,Does not qualify,
,CCL International Ltd,Negative,847977,18.15,Does not qualify,Mildly Bullish,Does not qualify,
,Mukund Syntex Ltd.,Does not qualify,959277,,Does not qualify,Does not qualify,,
sellbg_arrow,Container Corporation Of India Ltd,Positive,336884,613.90,Average,Mildly Bearish,Very Expensive,41
strongsellbg_arrow,Manipal Finance Corporation Ltd,Flat,251223,9.50,Below Average,Does not qualify,Does not qualify,20
,Minda Finance Ltd,Flat,999953,,Does not qualify,Does not qualify,Does not qualify,
,Mazda Industries and Leasing,Does not qualify,1001870,.00,Does not qualify,Does not qualify,,
,MRO-TEK Realty Ltd,Positive,952648,49.05,Does not qualify,Mildly Bullish,Does not qualify,
holdbg_arrow,Medicamen Biotech Ltd,Positive,770569,681.35,Average,Mildly Bullish,Very Expensive,57
,Manraj Housing Finance Ltd,Flat,344193,12.70,Does not qualify,Mildly Bullish,Does not qualify,
,Metalman Industries Ltd,Does not qualify,628964,,Does not qualify,Mildly Bearish,Does not qualify,
,MLG Industries,Does not qualify,1001882,,Does not qualify,Does not qualify,,
,MCS Ltd,Flat,560034,,Does not qualify,Does not qualify,Does not qualify,
,Maris Spinners Ltd,Very Positive,571470,95.75,Does not qualify,Mildly Bullish,Does not qualify,
holdbg_arrow,Mangalam Organics Ltd,Flat,352961,871.00,Average,Mildly Bullish,Attractive,58
sellbg_arrow,Monind Ltd,Flat,199380,,Below Average,Mildly Bullish,Does not qualify,38
,Maruti Plastics,Does not qualify,1002129,,Does not qualify,Does not qualify,,
,Melstar Information Technologies Ltd,Does not qualify,636447,5.00,Below Average,Mildly Bullish,Does not qualify,
,Mitshi India Ltd,Flat,215774,13.82,Does not qualify,Mildly Bearish,Does not qualify,
strongsellbg_arrow,MBL Infrastructures Ltd,Very Negative,348482,29.65,Below Average,Mildly Bullish,Risky,22
,Mithila Steel Industries,Does not qualify,1002561,,Does not qualify,Does not qualify,,
,Mihijam Vanaspati Ltd,Does not qualify,577451,,Does not qualify,Does not qualify,Does not qualify,
sellbg_arrow,Mahindra Lifespace Developers Ltd,Flat,209624,319.60,Below Average,Bullish,Risky,40
,Majestic Industries Ltd.,Does not qualify,479198,,Does not qualify,Does not qualify,,
strongbuybg_arrow,Mastek Ltd,Very Positive,854419,"3,061.05",Good,Bullish,Fair,81
,Mercury Laboratories Ltd,Negative,287757,565.85,Does not qualify,Bearish,Does not qualify,
,Micro Technologies (India) Ltd,Does not qualify,840082,,Does not qualify,Mildly Bearish,Does not qualify,
,Micro Forge (India) Ltd,Does not qualify,326905,,Does not qualify,Mildly Bearish,Does not qualify,
,Madhur Industries Ltd,Flat,672864,,Does not qualify,Does not qualify,Does not qualify,
,MPDL Ltd,Flat,839375,19.10,Does not qualify,Mildly Bullish,Does not qualify,
,Koffee Break Pictures Ltd,Positive,274846,,Does not qualify,Does not qualify,Does not qualify,
,Kalyan Jewellers India Ltd,Very Positive,1003479,61.20,Below Average,Bearish,Expensive,
sellbg_arrow,Kansai Nerolac Paints Ltd,Flat,634431,479.60,Good,Bearish,Attractive,44
,KJ International Ltd.,Does not qualify,726579,,Does not qualify,Does not qualify,,
,KIFS Financial Services Ltd,Positive,683569,255.95,Does not qualify,Bullish,Very Expensive,
holdbg_arrow,Karma Energy Ltd,Very Positive,821308,33.50,Below Average,Bullish,Does not qualify,60
,Khatau Makanji Spinning & Weaving Company Ltd,Does not qualify,517988,,Does not qualify,Does not qualify,Does not qualify,
,Kriptol Industries Ltd,Flat,255325,,Does not qualify,Mildly Bullish,Does not qualify,
,K A Wires Ltd,Flat,295374,0.00,Below Average,Does not qualify,Does not qualify,
,Kore Foods Ltd,Flat,327907,3.01,Below Average,Mildly Bearish,Does not qualify,
,Kenvi Jewels Ltd,Does not qualify,1002928,20.00,Below Average,Does not qualify,Does not qualify,
,Kernex Microsystems (India) Ltd,Flat,199297,151.05,Does not qualify,Bullish,Risky,
,Karuturi Global Ltd,Does not qualify,946340,0.24,Below Average,Does not qualify,Does not qualify,
,Krishana Fabrics Ltd,Flat,999950,,Does not qualify,Does not qualify,Does not qualify,
,Kedia Distilleries,Does not qualify,1001621,,Does not qualify,Does not qualify,,
,Kaslow Traders,Does not qualify,1001961,,Does not qualify,Does not qualify,,
,Karan Fibres and Fabrics,Does not qualify,1001854,,Does not qualify,Does not qualify,,
,K&R Rail Engineering Ltd,Flat,102257,17.95,Does not qualify,Mildly Bearish,Does not qualify,
,Pioneer Auto Lamps,Does not qualify,1001104,,Does not qualify,Does not qualify,,
holdbg_arrow,Kushal Ltd,Flat,207500,4.75,Average,Mildly Bullish,Attractive,58
,P.M. Telelinnks Ltd,Positive,716392,,Does not qualify,Mildly Bearish,Does not qualify,
holdbg_arrow,Kitex Garments Ltd,Very Positive,546852,238.65,Average,Mildly Bullish,Very Expensive,62
holdbg_arrow,Keerthi Industries Ltd,Negative,458365,181.95,Average,Mildly Bullish,Very Attractive,52
,Parijat Trading Ltd.,Does not qualify,752672,,Does not qualify,Does not qualify,,
,Pappilon Exports,Does not qualify,1001134,,Does not qualify,Does not qualify,,
,P A Seafood Exports,Does not qualify,1001105,,Does not qualify,Does not qualify,,
,Priyadarshini Ltd,Flat,440579,,Does not qualify,Mildly Bearish,Does not qualify,
,Poysha Industrial Company,Does not qualify,1002063,,Does not qualify,Does not qualify,,
,Pro CLB Global Ltd,Flat,982067,11.48,Does not qualify,Bullish,Does not qualify,
,Pagaria Energy Ltd,Flat,142781,4.30,Does not qualify,Mildly Bullish,Does not qualify,
holdbg_arrow,Premier Polyfilm Ltd.,Positive,988078,74.30,Average,Mildly Bullish,Attractive,64
,Patdiam Jewellery Ltd,Does not qualify,1003337,"1,000.00",Does not qualify,Does not qualify,Does not qualify,
strongsellbg_arrow,Prozone Intu Properties Ltd,Positive,215741,23.50,Below Average,Bearish,Expensive,23
,Patel Widecom India Ltd.,Does not qualify,111621,,Does not qualify,Does not qualify,,
,PIL Industries Ltd,Does not qualify,338739,,Does not qualify,Does not qualify,Does not qualify,
,Punsumi Foils & Components,Does not qualify,1001136,,Does not qualify,Does not qualify,,
,Paramount Steels Ltd.,Does not qualify,482432,,Does not qualify,Does not qualify,,
,Pertech Computers Ltd.,Does not qualify,489087,,Does not qualify,Does not qualify,,
,PAL Credit & Capital Ltd,Flat,906585,,Does not qualify,Mildly Bullish,Does not qualify,
,Panasonic AVC Networks India Co. Ltd,Does not qualify,941443,,Does not qualify,Does not qualify,Does not qualify,
strongsellbg_arrow,PC Jeweller Ltd,Very Negative,267489,20.75,Below Average,Bearish,Attractive,12
,Parmax Pharma Ltd,Negative,1002724,43.95,Does not qualify,Mildly Bearish,Does not qualify,
,Pramada Finvest Ltd,Does not qualify,498989,,Does not qualify,Does not qualify,Does not qualify,
,PCS Technology Ltd,Flat,787944,22.60,Does not qualify,Mildly Bullish,Does not qualify,
sellbg_arrow,Peninsula Land Ltd,Very Positive,226688,12.27,Below Average,Mildly Bullish,Risky,44
,Precious Trading & Investments Ltd,Flat,332537,,Does not qualify,Does not qualify,Does not qualify,
sellbg_arrow,Paisalo Digital Ltd,Positive,981047,629.00,Average,Bearish,Very Expensive,36
,Panther Industrial Products Ltd,Flat,995884,,Does not qualify,Does not qualify,Does not qualify,
,Potis Power Projects Ltd,Does not qualify,259410,,Does not qualify,Does not qualify,Does not qualify,
,Parin Furniture Ltd,Does not qualify,1003066,0,Below Average,Mildly Bullish,Risky,
sellbg_arrow,Parsvnath Developers Ltd,Positive,417326,15.05,Below Average,Mildly Bullish,Expensive,44
strongsellbg_arrow,Prabhat Dairy Ltd,Flat,209091,,Below Average,Does not qualify,Risky,16
holdbg_arrow,Par Drugs & Chemicals Ltd,Flat,1003142,0,Average,Mildly Bullish,Expensive,52
,Parsoli Corporation Ltd,Flat,432752,,Does not qualify,Mildly Bearish,Does not qualify,
strongsellbg_arrow,Paramount Communications Ltd,Positive,712697,12.08,Below Average,Mildly Bearish,Expensive,28
,Padmanabh Alloys & Polymers Ltd,Negative,816577,,Does not qualify,Does not qualify,Does not qualify,
,Paintex Chemicals (Bombay) Ltd,Does not qualify,498662,,Does not qualify,Does not qualify,Does not qualify,
,Pushpanjali Realms & Infratech Ltd,Does not qualify,1002782,0,Below Average,Does not qualify,Does not qualify,
,Plus Finance Ltd.,Does not qualify,100988,,Does not qualify,Does not qualify,,
,Penta Pharmadyes Ltd,Does not qualify,826477,,Does not qualify,Does not qualify,Does not qualify,
,Goldstar Straw Products,Does not qualify,1001225,,Does not qualify,Does not qualify,,
,Paramone Concepts Ltd,Flat,961893,29.90,Does not qualify,Mildly Bullish,Does not qualify,
sellbg_arrow,PNB Housing Finance Ltd,Negative,1002686,402.85,Average,Mildly Bearish,Fair,31
strongsellbg_arrow,Gujarat Borosil Ltd(Merged),Negative,546299,,Below Average,Does not qualify,Risky,4
sellbg_arrow,G R Infraprojects Ltd,Very Negative,1003508,"1,437.25",Good,Mildly Bearish,Fair,36
,Gresoil (India),Does not qualify,1001156,,Does not qualify,Does not qualify,,
,Goodearth Industries,Does not qualify,1001170,,Does not qualify,Does not qualify,,
,Golden Crest Education & Services Ltd,Flat,1002648,39.05,Does not qualify,Does not qualify,Does not qualify,
,G G Dandekar Machine Works Ltd,Positive,190626,70.00,Does not qualify,Mildly Bullish,Does not qualify,
sellbg_arrow,Gallantt Ispat Ltd.,Flat,813901,51.75,Average,Sideways,Fair,45
,Inox Air Products Pvt Ltd,Does not qualify,736289,,Does not qualify,Does not qualify,Does not qualify,
,Golden Bull Research & Growth Ltd,Flat,455028,,Does not qualify,Does not qualify,Does not qualify,
,Gitanjali Gems Ltd,Positive,550304,,Below Average,Does not qualify,Does not qualify,
,Indus Foods,Does not qualify,1001472,,Does not qualify,Does not qualify,,
,Industrial Progressive  India Ltd.,Does not qualify,540631,,Does not qualify,Does not qualify,,
sellbg_arrow,Gateway Distriparks Ltd,Positive,100243,,Average,Does not qualify,Risky,44
,ICICI Bank (PP),Does not qualify,1001449,,Does not qualify,Does not qualify,,
strongsellbg_arrow,IVRCL Ltd,Flat,586280,,Below Average,Does not qualify,Does not qualify,20
